,url
0,https://www.jobspider.com/job/view-resume-83573.html
1,https://www.jobspider.com/job/view-resume-83554.html
2,https://www.jobspider.com/job/view-resume-83507.html
3,https://www.jobspider.com/job/view-resume-83505.html
4,https://www.jobspider.com/job/view-resume-83421.html
5,https://www.jobspider.com/job/view-resume-83420.html
6,https://www.jobspider.com/job/view-resume-83413.html
7,https://www.jobspider.com/job/view-resume-83403.html
8,https://www.jobspider.com/job/view-resume-83391.html
9,https://www.jobspider.com/job/view-resume-83359.html
10,https://www.jobspider.com/job/view-resume-83354.html
11,https://www.jobspider.com/job/view-resume-83353.html
12,https://www.jobspider.com/job/view-resume-83352.html
13,https://www.jobspider.com/job/view-resume-83350.html
14,https://www.jobspider.com/job/view-resume-83344.html
15,https://www.jobspider.com/job/view-resume-83337.html
16,https://www.jobspider.com/job/view-resume-83333.html
17,https://www.jobspider.com/job/view-resume-83331.html
18,https://www.jobspider.com/job/view-resume-83326.html
19,https://www.jobspider.com/job/view-resume-83325.html
20,https://www.jobspider.com/job/view-resume-83306.html
21,https://www.jobspider.com/job/view-resume-83302.html
22,https://www.jobspider.com/job/view-resume-83299.html
23,https://www.jobspider.com/job/view-resume-83283.html
24,https://www.jobspider.com/job/view-resume-83281.html
25,https://www.jobspider.com/job/view-resume-83265.html
26,https://www.jobspider.com/job/view-resume-83260.html
27,https://www.jobspider.com/job/view-resume-83253.html
28,https://www.jobspider.com/job/view-resume-83247.html
29,https://www.jobspider.com/job/view-resume-83237.html
30,https://www.jobspider.com/job/view-resume-83207.html
31,https://www.jobspider.com/job/view-resume-83204.html
32,https://www.jobspider.com/job/view-resume-83203.html
33,https://www.jobspider.com/job/view-resume-83200.html
34,https://www.jobspider.com/job/view-resume-83199.html
35,https://www.jobspider.com/job/view-resume-83194.html
36,https://www.jobspider.com/job/view-resume-83163.html
37,https://www.jobspider.com/job/view-resume-83136.html
38,https://www.jobspider.com/job/view-resume-83114.html
39,https://www.jobspider.com/job/view-resume-83108.html
40,https://www.jobspider.com/job/view-resume-83107.html
41,https://www.jobspider.com/job/view-resume-83062.html
42,https://www.jobspider.com/job/view-resume-83035.html
43,https://www.jobspider.com/job/view-resume-83034.html
44,https://www.jobspider.com/job/view-resume-83032.html
45,https://www.jobspider.com/job/view-resume-83020.html
46,https://www.jobspider.com/job/view-resume-82985.html
47,https://www.jobspider.com/job/view-resume-82979.html
48,https://www.jobspider.com/job/view-resume-82963.html
49,https://www.jobspider.com/job/view-resume-82961.html
50,https://www.jobspider.com/job/view-resume-82942.html
51,https://www.jobspider.com/job/view-resume-82906.html
52,https://www.jobspider.com/job/view-resume-82904.html
53,https://www.jobspider.com/job/view-resume-82884.html
54,https://www.jobspider.com/job/view-resume-82863.html
55,https://www.jobspider.com/job/view-resume-82862.html
56,https://www.jobspider.com/job/view-resume-82848.html
57,https://www.jobspider.com/job/view-resume-82843.html
58,https://www.jobspider.com/job/view-resume-82841.html
59,https://www.jobspider.com/job/view-resume-82836.html
60,https://www.jobspider.com/job/view-resume-82810.html
61,https://www.jobspider.com/job/view-resume-82798.html
62,https://www.jobspider.com/job/view-resume-82786.html
63,https://www.jobspider.com/job/view-resume-82783.html
64,https://www.jobspider.com/job/view-resume-82742.html
65,https://www.jobspider.com/job/view-resume-82693.html
66,https://www.jobspider.com/job/view-resume-82690.html
67,https://www.jobspider.com/job/view-resume-82659.html
68,https://www.jobspider.com/job/view-resume-82655.html
69,https://www.jobspider.com/job/view-resume-82654.html
70,https://www.jobspider.com/job/view-resume-82639.html
71,https://www.jobspider.com/job/view-resume-82590.html
72,https://www.jobspider.com/job/view-resume-82589.html
73,https://www.jobspider.com/job/view-resume-82586.html
74,https://www.jobspider.com/job/view-resume-82554.html
75,https://www.jobspider.com/job/view-resume-82480.html
76,https://www.jobspider.com/job/view-resume-82471.html
77,https://www.jobspider.com/job/view-resume-82457.html
78,https://www.jobspider.com/job/view-resume-82426.html
79,https://www.jobspider.com/job/view-resume-82396.html
80,https://www.jobspider.com/job/view-resume-82383.html
81,https://www.jobspider.com/job/view-resume-82356.html
82,https://www.jobspider.com/job/view-resume-82351.html
83,https://www.jobspider.com/job/view-resume-82320.html
84,https://www.jobspider.com/job/view-resume-82316.html
85,https://www.jobspider.com/job/view-resume-82291.html
86,https://www.jobspider.com/job/view-resume-82278.html
87,https://www.jobspider.com/job/view-resume-82269.html
88,https://www.jobspider.com/job/view-resume-82250.html
89,https://www.jobspider.com/job/view-resume-82244.html
90,https://www.jobspider.com/job/view-resume-82239.html
91,https://www.jobspider.com/job/view-resume-82126.html
92,https://www.jobspider.com/job/view-resume-82117.html
93,https://www.jobspider.com/job/view-resume-82116.html
94,https://www.jobspider.com/job/view-resume-82078.html
95,https://www.jobspider.com/job/view-resume-82047.html
96,https://www.jobspider.com/job/view-resume-82040.html
97,https://www.jobspider.com/job/view-resume-82015.html
98,https://www.jobspider.com/job/view-resume-81971.html
99,https://www.jobspider.com/job/view-resume-81970.html
100,https://www.jobspider.com/job/view-resume-81947.html
101,https://www.jobspider.com/job/view-resume-81943.html
102,https://www.jobspider.com/job/view-resume-81934.html
103,https://www.jobspider.com/job/view-resume-81928.html
104,https://www.jobspider.com/job/view-resume-81918.html
105,https://www.jobspider.com/job/view-resume-81911.html
106,https://www.jobspider.com/job/view-resume-81906.html
107,https://www.jobspider.com/job/view-resume-81905.html
108,https://www.jobspider.com/job/view-resume-81900.html
109,https://www.jobspider.com/job/view-resume-81888.html
110,https://www.jobspider.com/job/view-resume-81885.html
111,https://www.jobspider.com/job/view-resume-81884.html
112,https://www.jobspider.com/job/view-resume-81856.html
113,https://www.jobspider.com/job/view-resume-81848.html
114,https://www.jobspider.com/job/view-resume-81846.html
115,https://www.jobspider.com/job/view-resume-81765.html
116,https://www.jobspider.com/job/view-resume-81763.html
117,https://www.jobspider.com/job/view-resume-81734.html
118,https://www.jobspider.com/job/view-resume-81733.html
119,https://www.jobspider.com/job/view-resume-81727.html
120,https://www.jobspider.com/job/view-resume-81690.html
121,https://www.jobspider.com/job/view-resume-81688.html
122,https://www.jobspider.com/job/view-resume-81679.html
123,https://www.jobspider.com/job/view-resume-81673.html
124,https://www.jobspider.com/job/view-resume-81672.html
125,https://www.jobspider.com/job/view-resume-81667.html
126,https://www.jobspider.com/job/view-resume-81664.html
127,https://www.jobspider.com/job/view-resume-81604.html
128,https://www.jobspider.com/job/view-resume-81572.html
129,https://www.jobspider.com/job/view-resume-81571.html
130,https://www.jobspider.com/job/view-resume-81570.html
131,https://www.jobspider.com/job/view-resume-81541.html
132,https://www.jobspider.com/job/view-resume-81517.html
133,https://www.jobspider.com/job/view-resume-81516.html
134,https://www.jobspider.com/job/view-resume-81504.html
135,https://www.jobspider.com/job/view-resume-81503.html
136,https://www.jobspider.com/job/view-resume-81485.html
137,https://www.jobspider.com/job/view-resume-81478.html
138,https://www.jobspider.com/job/view-resume-81459.html
139,https://www.jobspider.com/job/view-resume-81453.html
140,https://www.jobspider.com/job/view-resume-81433.html
141,https://www.jobspider.com/job/view-resume-81423.html
142,https://www.jobspider.com/job/view-resume-81403.html
143,https://www.jobspider.com/job/view-resume-81400.html
144,https://www.jobspider.com/job/view-resume-81375.html
145,https://www.jobspider.com/job/view-resume-81373.html
146,https://www.jobspider.com/job/view-resume-81368.html
147,https://www.jobspider.com/job/view-resume-81324.html
148,https://www.jobspider.com/job/view-resume-81317.html
149,https://www.jobspider.com/job/view-resume-81294.html
150,https://www.jobspider.com/job/view-resume-81279.html
151,https://www.jobspider.com/job/view-resume-81247.html
152,https://www.jobspider.com/job/view-resume-81240.html
153,https://www.jobspider.com/job/view-resume-81238.html
154,https://www.jobspider.com/job/view-resume-81232.html
155,https://www.jobspider.com/job/view-resume-81224.html
156,https://www.jobspider.com/job/view-resume-81215.html
157,https://www.jobspider.com/job/view-resume-81212.html
158,https://www.jobspider.com/job/view-resume-81157.html
159,https://www.jobspider.com/job/view-resume-81137.html
160,https://www.jobspider.com/job/view-resume-81131.html
161,https://www.jobspider.com/job/view-resume-81119.html
162,https://www.jobspider.com/job/view-resume-81118.html
163,https://www.jobspider.com/job/view-resume-81107.html
164,https://www.jobspider.com/job/view-resume-81083.html
165,https://www.jobspider.com/job/view-resume-81059.html
166,https://www.jobspider.com/job/view-resume-81056.html
167,https://www.jobspider.com/job/view-resume-81054.html
168,https://www.jobspider.com/job/view-resume-81011.html
169,https://www.jobspider.com/job/view-resume-81005.html
170,https://www.jobspider.com/job/view-resume-81001.html
171,https://www.jobspider.com/job/view-resume-80995.html
172,https://www.jobspider.com/job/view-resume-80971.html
173,https://www.jobspider.com/job/view-resume-80966.html
174,https://www.jobspider.com/job/view-resume-80963.html
175,https://www.jobspider.com/job/view-resume-80958.html
176,https://www.jobspider.com/job/view-resume-80953.html
177,https://www.jobspider.com/job/view-resume-80939.html
178,https://www.jobspider.com/job/view-resume-80938.html
179,https://www.jobspider.com/job/view-resume-80928.html
180,https://www.jobspider.com/job/view-resume-80909.html
181,https://www.jobspider.com/job/view-resume-80906.html
182,https://www.jobspider.com/job/view-resume-80896.html
183,https://www.jobspider.com/job/view-resume-80884.html
184,https://www.jobspider.com/job/view-resume-80879.html
185,https://www.jobspider.com/job/view-resume-80858.html
186,https://www.jobspider.com/job/view-resume-80856.html
187,https://www.jobspider.com/job/view-resume-80855.html
188,https://www.jobspider.com/job/view-resume-80853.html
189,https://www.jobspider.com/job/view-resume-80852.html
190,https://www.jobspider.com/job/view-resume-80830.html
191,https://www.jobspider.com/job/view-resume-80828.html
192,https://www.jobspider.com/job/view-resume-80817.html
193,https://www.jobspider.com/job/view-resume-80803.html
194,https://www.jobspider.com/job/view-resume-80800.html
195,https://www.jobspider.com/job/view-resume-80776.html
196,https://www.jobspider.com/job/view-resume-80749.html
197,https://www.jobspider.com/job/view-resume-80743.html
198,https://www.jobspider.com/job/view-resume-80740.html
199,https://www.jobspider.com/job/view-resume-80739.html
200,https://www.jobspider.com/job/view-resume-80721.html
201,https://www.jobspider.com/job/view-resume-80704.html
202,https://www.jobspider.com/job/view-resume-80703.html
203,https://www.jobspider.com/job/view-resume-80698.html
204,https://www.jobspider.com/job/view-resume-80697.html
205,https://www.jobspider.com/job/view-resume-80687.html
206,https://www.jobspider.com/job/view-resume-80667.html
207,https://www.jobspider.com/job/view-resume-80661.html
208,https://www.jobspider.com/job/view-resume-80641.html
209,https://www.jobspider.com/job/view-resume-80593.html
210,https://www.jobspider.com/job/view-resume-80591.html
211,https://www.jobspider.com/job/view-resume-80590.html
212,https://www.jobspider.com/job/view-resume-80581.html
213,https://www.jobspider.com/job/view-resume-80576.html
214,https://www.jobspider.com/job/view-resume-80562.html
215,https://www.jobspider.com/job/view-resume-80544.html
216,https://www.jobspider.com/job/view-resume-80500.html
217,https://www.jobspider.com/job/view-resume-80474.html
218,https://www.jobspider.com/job/view-resume-80396.html
219,https://www.jobspider.com/job/view-resume-80394.html
220,https://www.jobspider.com/job/view-resume-80392.html
221,https://www.jobspider.com/job/view-resume-80355.html
222,https://www.jobspider.com/job/view-resume-80325.html
223,https://www.jobspider.com/job/view-resume-80316.html
224,https://www.jobspider.com/job/view-resume-80291.html
225,https://www.jobspider.com/job/view-resume-80286.html
226,https://www.jobspider.com/job/view-resume-80285.html
227,https://www.jobspider.com/job/view-resume-80280.html
228,https://www.jobspider.com/job/view-resume-80277.html
229,https://www.jobspider.com/job/view-resume-80273.html
230,https://www.jobspider.com/job/view-resume-80265.html
231,https://www.jobspider.com/job/view-resume-80264.html
232,https://www.jobspider.com/job/view-resume-80223.html
233,https://www.jobspider.com/job/view-resume-80216.html
234,https://www.jobspider.com/job/view-resume-80215.html
235,https://www.jobspider.com/job/view-resume-80202.html
236,https://www.jobspider.com/job/view-resume-80173.html
237,https://www.jobspider.com/job/view-resume-80170.html
238,https://www.jobspider.com/job/view-resume-80155.html
239,https://www.jobspider.com/job/view-resume-80134.html
240,https://www.jobspider.com/job/view-resume-80131.html
241,https://www.jobspider.com/job/view-resume-80117.html
242,https://www.jobspider.com/job/view-resume-80106.html
243,https://www.jobspider.com/job/view-resume-80083.html
244,https://www.jobspider.com/job/view-resume-80069.html
245,https://www.jobspider.com/job/view-resume-80019.html
246,https://www.jobspider.com/job/view-resume-80012.html
247,https://www.jobspider.com/job/view-resume-80005.html
248,https://www.jobspider.com/job/view-resume-79990.html
249,https://www.jobspider.com/job/view-resume-79987.html
250,https://www.jobspider.com/job/view-resume-79981.html
251,https://www.jobspider.com/job/view-resume-79978.html
252,https://www.jobspider.com/job/view-resume-79972.html
253,https://www.jobspider.com/job/view-resume-79970.html
254,https://www.jobspider.com/job/view-resume-79965.html
255,https://www.jobspider.com/job/view-resume-79962.html
256,https://www.jobspider.com/job/view-resume-79961.html
257,https://www.jobspider.com/job/view-resume-79944.html
258,https://www.jobspider.com/job/view-resume-79931.html
259,https://www.jobspider.com/job/view-resume-79912.html
260,https://www.jobspider.com/job/view-resume-79902.html
261,https://www.jobspider.com/job/view-resume-79899.html
262,https://www.jobspider.com/job/view-resume-79891.html
263,https://www.jobspider.com/job/view-resume-79885.html
264,https://www.jobspider.com/job/view-resume-79882.html
265,https://www.jobspider.com/job/view-resume-79881.html
266,https://www.jobspider.com/job/view-resume-79874.html
267,https://www.jobspider.com/job/view-resume-79865.html
268,https://www.jobspider.com/job/view-resume-79863.html
269,https://www.jobspider.com/job/view-resume-79862.html
270,https://www.jobspider.com/job/view-resume-79854.html
271,https://www.jobspider.com/job/view-resume-79853.html
272,https://www.jobspider.com/job/view-resume-79850.html
273,https://www.jobspider.com/job/view-resume-79842.html
274,https://www.jobspider.com/job/view-resume-79834.html
275,https://www.jobspider.com/job/view-resume-79833.html
276,https://www.jobspider.com/job/view-resume-79830.html
277,https://www.jobspider.com/job/view-resume-79826.html
278,https://www.jobspider.com/job/view-resume-79794.html
279,https://www.jobspider.com/job/view-resume-79787.html
280,https://www.jobspider.com/job/view-resume-79786.html
281,https://www.jobspider.com/job/view-resume-79776.html
282,https://www.jobspider.com/job/view-resume-79694.html
283,https://www.jobspider.com/job/view-resume-79672.html
284,https://www.jobspider.com/job/view-resume-79664.html
285,https://www.jobspider.com/job/view-resume-79663.html
286,https://www.jobspider.com/job/view-resume-79644.html
287,https://www.jobspider.com/job/view-resume-79640.html
288,https://www.jobspider.com/job/view-resume-79639.html
289,https://www.jobspider.com/job/view-resume-79623.html
290,https://www.jobspider.com/job/view-resume-79619.html
291,https://www.jobspider.com/job/view-resume-79608.html
292,https://www.jobspider.com/job/view-resume-79606.html
293,https://www.jobspider.com/job/view-resume-79593.html
294,https://www.jobspider.com/job/view-resume-79592.html
295,https://www.jobspider.com/job/view-resume-79583.html
296,https://www.jobspider.com/job/view-resume-79581.html
297,https://www.jobspider.com/job/view-resume-79571.html
298,https://www.jobspider.com/job/view-resume-79560.html
299,https://www.jobspider.com/job/view-resume-79554.html
300,https://www.jobspider.com/job/view-resume-79546.html
301,https://www.jobspider.com/job/view-resume-79537.html
302,https://www.jobspider.com/job/view-resume-79533.html
303,https://www.jobspider.com/job/view-resume-79532.html
304,https://www.jobspider.com/job/view-resume-79529.html
305,https://www.jobspider.com/job/view-resume-79520.html
306,https://www.jobspider.com/job/view-resume-79507.html
307,https://www.jobspider.com/job/view-resume-79506.html
308,https://www.jobspider.com/job/view-resume-79496.html
309,https://www.jobspider.com/job/view-resume-79483.html
310,https://www.jobspider.com/job/view-resume-79448.html
311,https://www.jobspider.com/job/view-resume-79444.html
312,https://www.jobspider.com/job/view-resume-79422.html
313,https://www.jobspider.com/job/view-resume-79412.html
314,https://www.jobspider.com/job/view-resume-79408.html
315,https://www.jobspider.com/job/view-resume-79399.html
316,https://www.jobspider.com/job/view-resume-79398.html
317,https://www.jobspider.com/job/view-resume-79396.html
318,https://www.jobspider.com/job/view-resume-79382.html
319,https://www.jobspider.com/job/view-resume-79334.html
320,https://www.jobspider.com/job/view-resume-79326.html
321,https://www.jobspider.com/job/view-resume-79299.html
322,https://www.jobspider.com/job/view-resume-79285.html
323,https://www.jobspider.com/job/view-resume-79276.html
324,https://www.jobspider.com/job/view-resume-79265.html
325,https://www.jobspider.com/job/view-resume-79260.html
326,https://www.jobspider.com/job/view-resume-79238.html
327,https://www.jobspider.com/job/view-resume-79232.html
328,https://www.jobspider.com/job/view-resume-79223.html
329,https://www.jobspider.com/job/view-resume-79207.html
330,https://www.jobspider.com/job/view-resume-79203.html
331,https://www.jobspider.com/job/view-resume-79185.html
332,https://www.jobspider.com/job/view-resume-79179.html
333,https://www.jobspider.com/job/view-resume-79176.html
334,https://www.jobspider.com/job/view-resume-79165.html
335,https://www.jobspider.com/job/view-resume-79158.html
336,https://www.jobspider.com/job/view-resume-79154.html
337,https://www.jobspider.com/job/view-resume-79151.html
338,https://www.jobspider.com/job/view-resume-79139.html
339,https://www.jobspider.com/job/view-resume-79128.html
340,https://www.jobspider.com/job/view-resume-79126.html
341,https://www.jobspider.com/job/view-resume-79077.html
342,https://www.jobspider.com/job/view-resume-79023.html
343,https://www.jobspider.com/job/view-resume-79016.html
344,https://www.jobspider.com/job/view-resume-78989.html
345,https://www.jobspider.com/job/view-resume-78987.html
346,https://www.jobspider.com/job/view-resume-78980.html
347,https://www.jobspider.com/job/view-resume-78965.html
348,https://www.jobspider.com/job/view-resume-78960.html
349,https://www.jobspider.com/job/view-resume-78959.html
350,https://www.jobspider.com/job/view-resume-78940.html
351,https://www.jobspider.com/job/view-resume-78933.html
352,https://www.jobspider.com/job/view-resume-78926.html
353,https://www.jobspider.com/job/view-resume-78919.html
354,https://www.jobspider.com/job/view-resume-78913.html
355,https://www.jobspider.com/job/view-resume-78912.html
356,https://www.jobspider.com/job/view-resume-78884.html
357,https://www.jobspider.com/job/view-resume-78883.html
358,https://www.jobspider.com/job/view-resume-78858.html
359,https://www.jobspider.com/job/view-resume-78850.html
360,https://www.jobspider.com/job/view-resume-78816.html
361,https://www.jobspider.com/job/view-resume-78813.html
362,https://www.jobspider.com/job/view-resume-78737.html
363,https://www.jobspider.com/job/view-resume-78735.html
364,https://www.jobspider.com/job/view-resume-78732.html
365,https://www.jobspider.com/job/view-resume-78731.html
366,https://www.jobspider.com/job/view-resume-78729.html
367,https://www.jobspider.com/job/view-resume-78724.html
368,https://www.jobspider.com/job/view-resume-78716.html
369,https://www.jobspider.com/job/view-resume-78695.html
370,https://www.jobspider.com/job/view-resume-78692.html
371,https://www.jobspider.com/job/view-resume-78689.html
372,https://www.jobspider.com/job/view-resume-78657.html
373,https://www.jobspider.com/job/view-resume-78653.html
374,https://www.jobspider.com/job/view-resume-78638.html
375,https://www.jobspider.com/job/view-resume-78623.html
376,https://www.jobspider.com/job/view-resume-78588.html
377,https://www.jobspider.com/job/view-resume-78564.html
378,https://www.jobspider.com/job/view-resume-78550.html
379,https://www.jobspider.com/job/view-resume-78537.html
380,https://www.jobspider.com/job/view-resume-78523.html
381,https://www.jobspider.com/job/view-resume-78504.html
382,https://www.jobspider.com/job/view-resume-78502.html
383,https://www.jobspider.com/job/view-resume-78495.html
384,https://www.jobspider.com/job/view-resume-78480.html
385,https://www.jobspider.com/job/view-resume-78457.html
386,https://www.jobspider.com/job/view-resume-78437.html
387,https://www.jobspider.com/job/view-resume-78430.html
388,https://www.jobspider.com/job/view-resume-78419.html
389,https://www.jobspider.com/job/view-resume-78410.html
390,https://www.jobspider.com/job/view-resume-78401.html
391,https://www.jobspider.com/job/view-resume-78386.html
392,https://www.jobspider.com/job/view-resume-78372.html
393,https://www.jobspider.com/job/view-resume-78368.html
394,https://www.jobspider.com/job/view-resume-78365.html
395,https://www.jobspider.com/job/view-resume-78346.html
396,https://www.jobspider.com/job/view-resume-78334.html
397,https://www.jobspider.com/job/view-resume-78326.html
398,https://www.jobspider.com/job/view-resume-78305.html
399,https://www.jobspider.com/job/view-resume-78303.html
400,https://www.jobspider.com/job/view-resume-78287.html
401,https://www.jobspider.com/job/view-resume-78286.html
402,https://www.jobspider.com/job/view-resume-78275.html
403,https://www.jobspider.com/job/view-resume-78274.html
404,https://www.jobspider.com/job/view-resume-78254.html
405,https://www.jobspider.com/job/view-resume-78249.html
406,https://www.jobspider.com/job/view-resume-78218.html
407,https://www.jobspider.com/job/view-resume-78209.html
408,https://www.jobspider.com/job/view-resume-78204.html
409,https://www.jobspider.com/job/view-resume-78201.html
410,https://www.jobspider.com/job/view-resume-78183.html
411,https://www.jobspider.com/job/view-resume-78165.html
412,https://www.jobspider.com/job/view-resume-78159.html
413,https://www.jobspider.com/job/view-resume-78131.html
414,https://www.jobspider.com/job/view-resume-78105.html
415,https://www.jobspider.com/job/view-resume-78086.html
416,https://www.jobspider.com/job/view-resume-78085.html
417,https://www.jobspider.com/job/view-resume-78080.html
418,https://www.jobspider.com/job/view-resume-78072.html
419,https://www.jobspider.com/job/view-resume-78060.html
420,https://www.jobspider.com/job/view-resume-78042.html
421,https://www.jobspider.com/job/view-resume-78037.html
422,https://www.jobspider.com/job/view-resume-78035.html
423,https://www.jobspider.com/job/view-resume-78026.html
424,https://www.jobspider.com/job/view-resume-78018.html
425,https://www.jobspider.com/job/view-resume-78001.html
426,https://www.jobspider.com/job/view-resume-77985.html
427,https://www.jobspider.com/job/view-resume-77967.html
428,https://www.jobspider.com/job/view-resume-77956.html
429,https://www.jobspider.com/job/view-resume-77946.html
430,https://www.jobspider.com/job/view-resume-77934.html
431,https://www.jobspider.com/job/view-resume-77908.html
432,https://www.jobspider.com/job/view-resume-77878.html
433,https://www.jobspider.com/job/view-resume-77876.html
434,https://www.jobspider.com/job/view-resume-77875.html
435,https://www.jobspider.com/job/view-resume-77864.html
436,https://www.jobspider.com/job/view-resume-77841.html
437,https://www.jobspider.com/job/view-resume-77836.html
438,https://www.jobspider.com/job/view-resume-77832.html
439,https://www.jobspider.com/job/view-resume-77828.html
440,https://www.jobspider.com/job/view-resume-77827.html
441,https://www.jobspider.com/job/view-resume-77825.html
442,https://www.jobspider.com/job/view-resume-77817.html
443,https://www.jobspider.com/job/view-resume-77789.html
444,https://www.jobspider.com/job/view-resume-77742.html
445,https://www.jobspider.com/job/view-resume-77738.html
446,https://www.jobspider.com/job/view-resume-77688.html
447,https://www.jobspider.com/job/view-resume-77667.html
448,https://www.jobspider.com/job/view-resume-77650.html
449,https://www.jobspider.com/job/view-resume-77642.html
450,https://www.jobspider.com/job/view-resume-77636.html
451,https://www.jobspider.com/job/view-resume-77602.html
452,https://www.jobspider.com/job/view-resume-77599.html
453,https://www.jobspider.com/job/view-resume-77586.html
454,https://www.jobspider.com/job/view-resume-77580.html
455,https://www.jobspider.com/job/view-resume-77574.html
456,https://www.jobspider.com/job/view-resume-77563.html
457,https://www.jobspider.com/job/view-resume-77543.html
458,https://www.jobspider.com/job/view-resume-77526.html
459,https://www.jobspider.com/job/view-resume-77516.html
460,https://www.jobspider.com/job/view-resume-77495.html
461,https://www.jobspider.com/job/view-resume-77491.html
462,https://www.jobspider.com/job/view-resume-77486.html
463,https://www.jobspider.com/job/view-resume-77453.html
464,https://www.jobspider.com/job/view-resume-77412.html
465,https://www.jobspider.com/job/view-resume-77373.html
466,https://www.jobspider.com/job/view-resume-77372.html
467,https://www.jobspider.com/job/view-resume-77325.html
468,https://www.jobspider.com/job/view-resume-77266.html
469,https://www.jobspider.com/job/view-resume-77249.html
470,https://www.jobspider.com/job/view-resume-77248.html
471,https://www.jobspider.com/job/view-resume-77244.html
472,https://www.jobspider.com/job/view-resume-77236.html
473,https://www.jobspider.com/job/view-resume-77228.html
474,https://www.jobspider.com/job/view-resume-77217.html
475,https://www.jobspider.com/job/view-resume-77194.html
476,https://www.jobspider.com/job/view-resume-77186.html
477,https://www.jobspider.com/job/view-resume-77185.html
478,https://www.jobspider.com/job/view-resume-77179.html
479,https://www.jobspider.com/job/view-resume-77172.html
480,https://www.jobspider.com/job/view-resume-77145.html
481,https://www.jobspider.com/job/view-resume-77144.html
482,https://www.jobspider.com/job/view-resume-77124.html
483,https://www.jobspider.com/job/view-resume-77122.html
484,https://www.jobspider.com/job/view-resume-77077.html
485,https://www.jobspider.com/job/view-resume-77071.html
486,https://www.jobspider.com/job/view-resume-77056.html
487,https://www.jobspider.com/job/view-resume-77049.html
488,https://www.jobspider.com/job/view-resume-77044.html
489,https://www.jobspider.com/job/view-resume-77039.html
490,https://www.jobspider.com/job/view-resume-77032.html
491,https://www.jobspider.com/job/view-resume-77013.html
492,https://www.jobspider.com/job/view-resume-76989.html
493,https://www.jobspider.com/job/view-resume-76984.html
494,https://www.jobspider.com/job/view-resume-76949.html
495,https://www.jobspider.com/job/view-resume-76941.html
496,https://www.jobspider.com/job/view-resume-76940.html
497,https://www.jobspider.com/job/view-resume-76927.html
498,https://www.jobspider.com/job/view-resume-76902.html
499,https://www.jobspider.com/job/view-resume-76886.html
500,https://www.jobspider.com/job/view-resume-76885.html
501,https://www.jobspider.com/job/view-resume-76878.html
502,https://www.jobspider.com/job/view-resume-76860.html
503,https://www.jobspider.com/job/view-resume-76848.html
504,https://www.jobspider.com/job/view-resume-76831.html
505,https://www.jobspider.com/job/view-resume-76798.html
506,https://www.jobspider.com/job/view-resume-76790.html
507,https://www.jobspider.com/job/view-resume-76789.html
508,https://www.jobspider.com/job/view-resume-76761.html
509,https://www.jobspider.com/job/view-resume-76758.html
510,https://www.jobspider.com/job/view-resume-76749.html
511,https://www.jobspider.com/job/view-resume-76741.html
512,https://www.jobspider.com/job/view-resume-76738.html
513,https://www.jobspider.com/job/view-resume-76737.html
514,https://www.jobspider.com/job/view-resume-76728.html
515,https://www.jobspider.com/job/view-resume-76700.html
516,https://www.jobspider.com/job/view-resume-76697.html
517,https://www.jobspider.com/job/view-resume-76688.html
518,https://www.jobspider.com/job/view-resume-76680.html
519,https://www.jobspider.com/job/view-resume-76679.html
520,https://www.jobspider.com/job/view-resume-76625.html
521,https://www.jobspider.com/job/view-resume-76613.html
522,https://www.jobspider.com/job/view-resume-76606.html
523,https://www.jobspider.com/job/view-resume-76574.html
524,https://www.jobspider.com/job/view-resume-76573.html
525,https://www.jobspider.com/job/view-resume-76572.html
526,https://www.jobspider.com/job/view-resume-76559.html
527,https://www.jobspider.com/job/view-resume-76544.html
528,https://www.jobspider.com/job/view-resume-76534.html
529,https://www.jobspider.com/job/view-resume-76526.html
530,https://www.jobspider.com/job/view-resume-76497.html
531,https://www.jobspider.com/job/view-resume-76483.html
532,https://www.jobspider.com/job/view-resume-76479.html
533,https://www.jobspider.com/job/view-resume-76473.html
534,https://www.jobspider.com/job/view-resume-76467.html
535,https://www.jobspider.com/job/view-resume-76445.html
536,https://www.jobspider.com/job/view-resume-76433.html
537,https://www.jobspider.com/job/view-resume-76408.html
538,https://www.jobspider.com/job/view-resume-76407.html
539,https://www.jobspider.com/job/view-resume-76397.html
540,https://www.jobspider.com/job/view-resume-76393.html
541,https://www.jobspider.com/job/view-resume-76381.html
542,https://www.jobspider.com/job/view-resume-76372.html
543,https://www.jobspider.com/job/view-resume-76356.html
544,https://www.jobspider.com/job/view-resume-76355.html
545,https://www.jobspider.com/job/view-resume-76338.html
546,https://www.jobspider.com/job/view-resume-76322.html
547,https://www.jobspider.com/job/view-resume-76294.html
548,https://www.jobspider.com/job/view-resume-76291.html
549,https://www.jobspider.com/job/view-resume-76281.html
